,ES=F,NQ=F,GC=F,CL=F,EURUSD=X,cash
Euribor_is_high,0.0,0.0,0.0,0.0,0.0,0.558046058481127
Euribor_is_mid,0.0,0.0,0.4606011799936363,0.006588802161281618,0.0,0.0
Euribor_is_low,0.33718861541583883,0.5895928447171068,0.0,0.6103795536873655,0.32133548849071875,0.0
Euribor_down,0.3639228099721745,0.28646180077985406,0.0,0.2509430797874965,0.0,0.0
Euribor_up,0.0,0.0,0.5393988200063637,0.0,0.30877593757718486,0.1986632787194495
Euribor_is_low_up,0.0,0.0,0.0,0.13208856436385633,0.36988857393209645,0.0
Euribor_is_high_dn,0.2988885746119866,0.123945354503039,0.0,0.0,0.0,0.24329066279942352
