,ES=F,NQ=F,GC=F,CL=F,EURUSD=X,cash
Euribor_is_high,0.0,0.0,0.0,0.16899335228923398,0.06804479924122407,0.5038038502333962
Euribor_is_mid,0.0,0.0,0.3539631963666802,0.0,0.0,0.11843942253503052
Euribor_is_low,0.5735404014910171,0.7224534342563212,0.0,0.4312166435659526,0.053989979002097246,0.0
Euribor_down,0.3869499894335458,0.20175571990390487,0.0,0.16875472420521007,0.0,0.0
Euribor_up,0.0,0.0,0.30874416159960194,0.0,0.20058261251023657,0.1351987635490383
Euribor_is_low_up,0.0,0.07579084583977398,0.11542726152147484,0.23103527993960332,0.4152429350546536,0.0
Euribor_is_high_dn,0.03950960907543703,0.0,0.22186538051224303,0.0,0.2621396741917885,0.24255796368253496
