,ES=F,NQ=F,GC=F,CL=F,EURUSD=X,cash
Euribor_is_high,0.0,0.0,0.0,0.0,0.0,1.1161378416645937
Euribor_is_mid,0.0,0.0,1.0169616824897307,0.0101560584159083,0.0,0.0
Euribor_is_low,0.6973969834154685,1.1960262375044,0.0,1.2240275671133565,0.6311259281481215,0.0
Euribor_down,0.7002153333794131,0.55141942416432,0.0,0.5008303315933503,0.0,0.0
Euribor_up,0.0,0.0,0.9830383175102692,0.0,0.6079407082639431,0.39720265954059264
Euribor_is_low_up,0.0,0.0,0.0,0.26498604287738486,0.7609333635879351,0.0
Euribor_is_high_dn,0.6023876832051182,0.25255433833127994,0.0,0.0,0.0,0.4866594987948134
